,Obstetrics & Gynaecology,laboratory,Psychology,Eye (Opthalmology /Optometry),Physiotheraphy,Dental,Dental Laboratory,"Ear, Nose & Throat",Rehabilitation Centre,Radiology,General Practice,Paediatric,Nursing Home
ORGANISATION AND MANAGEMENT,,,,,,,,,,,,,
Does the Facility have an organisational structure,?,?,?,?,?,?,?,?,?,?,?,?,?
Is the director a medically trained person?,?,?,?,?,?,?,?,?,?,?,?,?,?
Does the facility comply with regulatory requirements? --,?,?,?,?,?,?,?,?,?,?,?,?,?
Business registration,?,?,?,?,?,?,?,?,?,?,?,?,?
Tax clearance certificate,?,?,?,?,?,?,?,?,?,?,?,?,?
Valid private pactice license,?,?,?,?,?,?,?,?,?,?,?,?,?
Work permits,?,?,?,?,?,?,?,?,?,?,?,?,?
,,,,,,,,,,,,,
Residence permit,?,?,?,?,?,?,?,?,?,?,?,?,?
Lease agreement,?,?,?,?,?,?,?,?,?,?,?,?,?
Occupancy certificate,?,?,?,?,?,?,?,,?,?,?,?,?
Permission to operate/set up,?,?,?,?,?,?,?,?,?,?,?,?,?
Trading license,,,,,,,?,,,,,,
Patient charter in English & Setswana,?,?,?,?,?,?,?,?,?,?,?,?,?
Is there an indemnity insurance?,?,?,?,?,?,?,?,?,?,?,?,?,?
contracts for staff,?,?,?,?,?,?,?,?,?,?,?,?,?
Police Clearance,?,?,?,?,?,?,?,?,?,?,?,?,?
letter of permission to set up,?,?,?,?,?,?,?,?,?,?,?,?,?
waste collection carrier licence,?,?,?,?,?,?,?,?,?,?,?,?,?
confidentiality clause,?,?,?,?,?,?,?,?,?,?,?,?,?
proof of change of land use,?,?,?,?,?,?,?,?,?,?,?,?,?
Practitioner’s licence,?,?,?,?,?,?,?,?,?,?,?,?,?
Fire clearance,?,?,?,?,?,?,?,?,?,?,?,?,?
residence permit,?,?,?,?,?,?,?,?,?,?,?,?,?
Does the Facility have policies and procedures for the following?--,?,?,?,?,?,?,?,?,?,?,?,?,?
Patient referral,?,?,?,?,?,?,?,?,?,?,?,?,?
Assessment of patients,?,?,?,?,?,?,?,?,?,?,?,?,?
Management of high risk patients,?,?,?,?,?,?,,?,?,?,?,?,?
The confidentiality of patient information,?,,?,?,?,?,,?,?,?,?,?,?
Incident reporting,?,?,?,?,?,?,,?,?,?,?,?,?
Induction and orientation,?,?,?,?,?,?,?,?,?,?,?,?,?
Patient consent,?,?,?,?,?,?,?,?,?,?,?,?,?
Linen management,?,?,?,?,?,?,?,?,?,?,?,?,?
Equipment maintenance plan/program,?,?,?,?,?,?,,?,?,?,?,?,?
Testing and commissioning certificates,?,?,?,?,?,?,,?,?,?,?,?,?
Infection prevention and control,?,?,?,?,?,?,?,?,?,?,?,?,?
Management of patient records,?,?,?,?,?,?,?,?,?,?,?,?,?
Record retention times,?,?,?,?,?,?,?,?,?,?,?,?,?
Management of information,?,?,?,?,?,?,?,?,?,?,?,?,?
Risk management,?,?,?,?,?,?,?,?,?,?,?,?,?
Management of supplies,?,?,?,?,?,?,?,?,?,?,?,?,?
Patient observation,?,?,?,?,?,?,?,?,?,?,?,?,?
Management of medication,?,?,?,?,?,?,?,?,?,?,?,?,?
Post eposure prophylais,?,?,?,?,?,?,,?,?,?,?,?,?
Complaints procedure,?,?,?,?,?,?,,?,?,?,?,?,?
Outreach services,?,?,?,?,?,?,,?,?,?,?,?,?
Waste management,?,?,?,?,?,?,?,?,?,?,?,?,?
Does the Facility have the following reference materials?--,?,?,?,?,?,?,?,?,?,?,?,?,?
Treatment protocols/ guidelines,?,?,?,?,?,?,,?,?,?,?,?,?
Testing and treatment techniques,?,?,?,?,?,?,?,?,?,?,?,?,?
Copies of relevant statutory instruments,?,?,?,?,?,?,?,?,?,?,?,?,?
Treatment protocols/ guidelines,?,?,?,?,?,?,?,?,?,?,?,?,?
Testing and treatment techniques,?,?,?,?,?,?,?,?,?,?,?,?,?
Copies of relevant statutory instruments,?,?,?,?,?,?,?,?,?,?,?,?,?
SERVICES PROVIDED,,,,,,,,,,,,,
What are the services provided at the Facility?--,?,?,?,?,?,?,?,?,?,?,?,?,?
General services; Specify,?,?,?,?,?,?,?,?,?,?,?,?,?
Specialist services; Specify,?,?,?,?,?,?,?,?,?,?,?,?,?
Other services (Specify); ….....,?,?,?,?,?,?,?,?,?,?,?,?,?
Is there a services board within the facility?,?,?,?,?,?,?,?,?,?,?,?,?,?
Are hours of operation displayed?,?,?,?,?,?,?,?,?,?,?,?,?,?
State hours of operation,?,?,?,?,?,?,?,?,?,?,?,?,?
Are emergency contact numbers displayed?,?,?,?,?,?,?,?,?,?,?,?,?,?
What is number of patients seen/ Samples received per month,?,?,?,?,?,?,?,?,?,?,?,?,?
Any outreach services? If yes state them.,?,?,?,?,?,?,?,?,?,?,?,?,?
Is there permission to offer the outreach services,?,?,?,?,?,?,,?,?,?,?,?,?
Agreement letter with a doctor where outreach services will be offered from,?,?,?,?,?,?,,?,?,?,?,?,?
Is there provision of emergency outreach services?,?,?,?,?,?,?,,?,?,?,?,?,?
Is there provision of emergency outreach services?,?,?,?,?,?,?,,?,?,?,?,?,?
,,,,,,,,,,,,,
PERSONNEL,,,,,,,,,,,,,
What is the intended total number of staff,?,?,?,?,?,?,?,?,?,?,?,?,?
What is the current number of staff--,?,?,?,?,?,?,?,?,?,?,?,?,?
General Health Professionals (Specify),?,?,?,?,?,?,?,?,?,?,?,?,?
Specialists (Specify),?,?,?,?,?,?,?,?,?,?,?,?,?
Other (Specify),?,?,?,?,?,?,?,?,?,?,?,?,?
Administrative Staff (Specify),?,?,?,?,?,?,?,?,?,?,?,?,?
Support staff (Specify),?,?,?,?,?,?,?,?,?,?,?,?,?
Are professionals registered with the relevant Councils?,?,?,?,?,?,?,?,?,?,?,?,?,?
Did personnel files have the following?--,?,?,?,?,?,?,?,?,?,?,?,?,?
Signed job effectiveness description,?,?,?,?,?,?,?,?,?,?,?,?,?
Education credentials,?,?,?,?,?,?,?,?,?,?,?,?,?
A signed confidentiality clause,?,?,?,?,?,?,?,?,?,?,?,?,?
Evidence of orientation and induction,?,?,?,?,?,?,?,?,?,?,?,?,?
Evidence of continued education,?,?,?,?,?,?,?,?,?,?,?,?,?
Signed contracts or offer letters,?,?,?,?,?,?,?,?,?,?,?,?,?
Medical eamination certificates,?,?,?,?,?,?,?,?,?,?,?,?,?
Evidence of continous Professional Development,?,?,?,?,?,?,?,?,?,?,?,?,?
Evidence of continous Professional Development,?,?,?,?,?,?,?,?,?,?,?,?,?
FACILITY-Environment,,,,,,,,,,,,,
Does the facility have wheelchair accessibility?,?,?,?,?,?,?,?,?,?,?,?,?,?
"Is it fenced, secure and easily accessible",?,?,?,?,?,?,?,?,?,?,?,?,?
Is there space for parking? Specify,?,?,?,?,?,?,?,?,?,?,?,?,?
Is there parking space designated for people living with disability? Specify,?,?,?,?,?,?,?,?,?,?,?,?,?
Do the facility have space for services provided? Specify,?,?,?,?,?,?,?,?,?,?,?,?,?
Is facility area clean and neat?,?,?,?,?,?,?,?,?,?,?,?,?,?
Are surfaces free from dust?,?,?,?,?,?,?,?,?,?,?,?,?,?
Is there lighting in all service areas?,?,?,?,?,?,?,?,?,?,?,?,?,?
Is air conditioning available?,?,?,?,?,?,?,?,?,?,?,?,?,?
Is there ventilation in all service area?,?,?,?,?,?,?,?,?,?,?,?,,
"Is flooring of cleanable, smooth impervious material?",?,?,?,?,?,?,?,?,?,?,?,?,?
Are there relevant restriction signs,?,?,?,?,?,?,?,?,?,?,?,?,?
Is there directional signage within and outside the facility?,?,?,?,?,?,?,?,?,?,?,?,?,?
Is there backup system for electricity?,?,?,?,?,?,?,?,?,?,?,?,?,?
Is there backup system for water?,?,?,?,?,?,?,?,?,?,?,?,?,?
"Where there are ramps, are there safety features?",?,?,?,?,?,?,?,?,?,?,?,?,?
,,,,,,,,,,,,,
FACILITY-Reception/waiting area,,,,,,,,,,,,,
Does reception area have space? Elaborate.,?,?,?,?,?,?,?,?,?,?,?,?,?
Is the telephone/ cell phone available?,?,?,?,?,?,?,?,?,?,?,?,?,?
Is a reception desk with chair available,?,?,?,?,?,?,?,?,?,?,?,?,?
Is it manned at all times?,?,?,?,?,?,?,?,?,?,?,?,?,?
"Is there an organized patient registration, screening and booking system",?,?,?,?,?,?,?,?,?,?,?,?,?
Are there patient benches / chairs in the waiting area? Elaborate.,?,?,?,?,?,?,?,?,?,?,?,?,?
Is there a waste bin?,?,?,?,?,?,?,?,?,?,?,?,?,?
Is there a computer/ desktop?,?,?,?,?,?,?,?,?,?,?,?,?,?
Is there patient charter available in Setswana and English?,?,?,?,?,?,?,?,?,?,?,?,?,?
Is there available drinking water source?,?,?,?,?,?,?,?,?,?,?,?,?,?
Are educational materials available for clients,?,?,?,?,?,?,?,?,?,?,?,?,?
,,,,,,,,,,,,,
FACILITY- Screening room,,,,,,,,,,,,,
Does the screening room have space? Elaborate.,?,,,?,,?,,,?,,?,?,?
Does the screening room have wheelchair accessibility?,?,,,?,,?,,,?,,?,?,?
Is screening room equipped with the following?--,?,,,?,,?,,?,?,,?,?,?
Chairs and table,?,,,?,,?,,?,?,,?,?,?
Sphygmomanometer,?,,,?,,?,,?,?,,?,?,?
Thermometer,?,,,?,,?,,?,?,,?,?,?
Glucometer and strips,?,,,?,,?,,?,?,,?,?,?
Alcohol Swabs,?,,,?,,?,,?,?,,?,?,?
Weighing scale (both adult and paediatric),?,,,?,,?,,?,?,,?,?,?
Height measuring device,?,,,?,,?,,?,?,,?,?,?
Non sterile gloves,?,,,?,,?,,?,?,,?,?,?
Clinical waste bin with lid,?,,,?,,?,,?,?,,?,?,?
Domestic waste bin with lid,?,,,?,,?,,?,?,,?,?,?
Sharps container,?,,,?,,?,,?,?,,?,?,?
Hand wash facilities,?,,,?,,?,,?,?,,?,?,?
Appropriate hand drying facilities,?,,,?,,?,,?,?,,?,?,?
Appropriate hand wash soap,?,,,?,?,?,,?,?,,?,?,?
FACILITY- Consultation/ Treatment room,,,,,,,,,,,,,
Does the consultation room have adequate space?,?,,?,?,?,?,,?,?,,?,?,?
Does the consultation room have wheelchair accessibility,?,,?,?,?,?,,?,?,,?,?,?
Does the consultation room have the following --,?,,?,?,?,?,,?,?,,?,?,?
At least 3 Chairs,?,,?,?,?,?,,?,?,,?,?,?
Alcohol swabs,?,,?,,?,?,,?,?,,?,?,?
Appropriate hand drying facilities,?,,?,?,?,?,,?,?,,?,?,?
Appropriate soap dispenser,?,,?,?,?,?,,?,?,,?,?,?
Audiometer,,,,,,,,?,?,,,,
Autoclave,?,,,?,,?,,?,?,,?,?,?
Autorefrator,,,,?,,,,,,,,,
Binocular indirect ophthalmoscope,,,,?,,,,,,,,,
Bead bath heater,,,,?,,,,,,,,,
Burton lamp,,,,?,,,,,,,,,
Cabinet/Storage space,?,,?,?,?,?,,?,?,,?,?,?
clinical waste bin with lid,?,,?,?,?,?,,?,?,,?,?,?
Colour vision test,,,,?,,,,,,,,,
Cone and thudichum speculum (nasal and ear speculum),,,,,,,,?,,,,,
Cotton swabs soaked in alcohol,?,,?,?,?,?,,?,?,,?,?,?
Cotton wool/ wipes,?,,?,?,?,?,,?,?,,?,?,?
Couch,,,?,,,,,,,,,,
Curette,?,,,,,?,,?,,,?,,
Dental chair with headrest and all attachments,,,,,,?,,,,,,,
Dental stools,,,,,,?,,,,,,,
Demonstration lenses,,,,?,,,,,,,,,
Diagnostic set*,?,,,?,,?,,?,?,,?,?,?
Direct ophthalmoscope,,,,?,,,,,,,,,
disposable cups,?,,?,?,?,?,,?,?,,?,?,?
Disposable gloves,?,,?,?,?,?,,?,?,,?,?,?
domestic waste bin with lid,?,,?,?,?,?,,?,?,,?,?,?
Drip stand,?,,,,,,,?,?,,?,?,?
Ear microscope,,,,,,,,?,,,,,
Emergency tray,?,,?,?,?,?,,?,?,,?,?,?
Endoscope and endoscopic light,?,,,,,,,?,,,,,
Eamination chair,,,,?,,?,,,,,,,
"Eamination/ treatment couch with tiltable headrest behind a curtain, covered with linen",?,,,?,?,?,,?,?,,?,?,?
Eamination/ treatment couch behind a curtain or located within a screen off aclove to provide privacy?,?,,,?,,?,,?,?,,?,?,?
Eamination/ treatment couch covered with linen?,?,,,?,?,?,,?,?,,?,?,?
"Eamination gynaecological bed/couch with strirups, covered with linen",?,,,?,,,,,,,,,
Eamination lamp*,?,,,?,,?,,?,?,,?,?,?
facial gauge,,,,?,,,,,,,,,
Fetoscope/ doppler,?,,,,,,,,,,?,,
focimeter,,,,?,,,,,,,,,
Foetal monitor,?,,,,,,,,,,,,
Forceps,?,,,?,,?,,?,?,,?,?,?
Frame heater,,,,?,,,,,,,,,
Frame manipulation equipment,,,,?,,,,,,,,,
frame repair equipment,,,,?,,,,,,,,,
Frame ruler,,,,?,,,,,,,,,
Glucometer* and strips,?,,?,?,?,?,,?,?,,?,?,?
Hand washing basin with running hot and cold water,?,,?,?,?,?,,?,?,,?,?,?
Hand washing soap,?,?,?,?,?,?,,?,?,?,?,?,?
hand drying facilities,?,?,?,?,?,?,,?,?,?,?,?,?
Head light / head mirror,?,,,,,,,?,,,,?,
Height measuring device,?,,,?,?,?,,?,?,,?,?,?
HIV testing kit,?,,?,?,?,?,,?,?,,?,?,?
Irrigator,,,,,,,,?,,,,,
Jobson-Horne’s probe,,,,,,,,?,,,,,
Laryngoscope set,?,,,?,,,,?,?,,?,?,?
Lensometer,,,,?,,,,,,,,,
Lubricating jell or solution,?,,,,?,,,,?,,?,?,?
Manual keratometer,,,,?,,,,,,,,,
Mouth gargle,,,,,,?,,,,,,,
Needle holders,?,,,?,,?,,?,,,?,?,?
Non sterile gloves,?,,?,?,?,?,,?,?,,?,?,?
Otoscope set,?,,,,,,,?,,,,,
"Pap smear test kit (brush, fiator, frosted microscope glass slides)",?,,,,,,,,,,?,,
Patellar hammer,,,,,,,,,?,,?,,
P.D gauge,,,,?,,,,,,,,,
Pen torch*,?,,,?,,,,,?,,?,,
Pre chopper,,,,?,,,,,,,,,
Phoropter,,,,?,,,,,,,,,
Psychology Testing material (intellectual tests),,,?,,,,,,,,,,
Reference material,?,,?,?,?,?,,,?,,?,?,?
Retinal camera,,,,?,,,,,,,,,
Sanitary pads,?,,,,,,,,,,,,
Sharps container,?,,?,?,?,?,,?,?,,?,?,?
Siegel’s speculum,,,,,,,,?,,,,,
Slit lamp,,,,?,,,,,,,,,
Snellen chart (6 meters from client),,,,?,,,,,,,,,
Sound proof room/ booth,,,?,,,,,?,,,,,
Spectacles,,,,?,,,,,,,,,
Speculum,,,,?,,,,,,,,,
Sphygmomanometer*,?,,?,?,?,?,,?,?,,?,?,?
Step to ease access to couch,?,,?,?,?,,,,?,,?,?,?
Sterile gloves,?,,,?,?,?,,?,?,,?,?,?
Stool,,,,?,,,,,,,,,
Storage space for consumables,?,,?,?,?,?,,?,?,,?,?,?
Suction apparatus,?,,,?,,?,,?,?,,?,?,?
Table,,,?,,,,,,,,,,
Tape measure,?,,?,?,?,?,,?,?,,?,?,?
Thermometer*,?,,?,?,?,?,,?,?,,?,?,?
Tissues,,,?,,,,,,,,,,
Tongue depressors,?,,,?,,?,,?,?,,?,?,?
Tonometer,,,,?,,,,,,,,,
Toric marker,,,,?,,,,,,,,,
Tuning fork,,,,,,,,?,,,,,
Ultra sound jelly,?,,?,?,?,?,,?,?,,?,?,?
Ultra sound machine*,?,,,,,,,,,,,,
visual fileds machine,,,,?,,,,,,,,,
Vaginal speculae (different sizes),?,,,,,,,,?,,?,,
Waste bin with lids for domestic waste,?,,?,?,?,?,,?,?,,?,?,?
Waste bins with lids for clinical waste,?,,?,?,?,?,,?,?,,?,?,?
Weighing scale (both adult and paediatric)*,?,,?,?,?,?,,?,?,,?,?,?
X-ray viewing box,?,,,?,?,?,,?,?,,?,?,?
,,,,,,,,,,,,,
Nurses' station--,,,,,,,,,?,,,,?
Desk,,,,,,,,,?,,,,?
Chairs,,,,,,,,,?,,,,?
Counter,,,,,,,,,?,,,,?
Computer with printer,,,,,,,,,?,,,,?
Nurse call system panel,,,,,,,,,?,,,,?
Telephone,,,,,,,,,?,,,,?
,,,,,,,,,,,,,
In patient Admission rooms--,,,,,,,,,?,,,,?
is the room wheelcahir accessible?,,,,,,,,,?,,,,?
are there separate male and female admission rooms?,,,,,,,,,?,,,,?
is there patient nurse call system in patient rooms and bathrooms?,,,,,,,,,?,,,,?
are the admission rooms labelled?,,,,,,,,,?,,,,?
Is there a bed with restaring accessories?,,,,,,,,,?,,,,?
"Is linen available? ( sheets, bed cover, blankets, pillow, linen saver and mattress protector)",,,,,,,,,?,,,,?
Are bathroom facilities available with hot and cold running water ( bath tab/shower)?,,,,,,,,,?,,,,?
are the bathroom facilities accessible to whhel chair users?,,,,,,,,,?,,,,?
Is there a drying rail or rack?,,,,,,,,,?,,,,?
Is there hand washbasin with running hot and cold water?,,,,,,,,,?,,,,?
Is there hand wash soap?,,,,,,,,,?,,,,?
Is there hand drying facilities?,,,,,,,,,?,,,,?
is the SHE bin availble in the female bathrooms,,,,,,,,,?,,,,?
are there storage cabinets/ closets/ cupboards,,,,,,,,,?,,,,?
are there visitors/ pateints' chairs?,,,,,,,,,?,,,,?
Is there domestic waste bins with lid?,,,,,,,,,?,,,,?
,,,,,,,,,,,,,
Office for the Manager--,,,,,,,,,?,,,,?
Is there an office for the In- Charge officer?,,,,,,,,,?,,,,?
Does the oofice have the followig;,,,,,,,,,?,,,,?
Chairs?,,,,,,,,,?,,,,?
Table?,,,,,,,,,?,,,,?
Desktop/ computer connected to printer?,,,,,,,,,?,,,,?
Telephone?,,,,,,,,,?,,,,?
Habit Forming cabinet/ cupboard?,,,,,,,,,?,,,,?
,,,,,,,,,,,,,
Emergency equipment--,?,,,?,,,,?,?,,?,?,?
emergency trolley with chelist with atleast,?,,,?,,,,?,?,,?,?,?
"Does the Emergency trolloey have atleast the following; Defibrilator/ Automated Eternal Difibrilator (AED), laryngoscope set, endotracheal tubes, ambu bags, syringes, needles, cannulas, alcohol swab, drugs, IV fluids, oygen cylinder and masks of different sizes, etc",?,,,?,,,,?,?,,?,?,?
,,,,,,,,,,,,,
FACILITY-Procedure room,,,,,,,,,,,,,
Does the procedure room have adequate space?,?,,,?,,,,?,?,,?,?,?
Is the room wheelchair accessible,?,,,?,,,,?,?,,?,?,?
Does the procedure room have the following --,?,,,?,,,,?,?,,?,?,?
Alcohol swabs,?,,,?,,,,?,?,,?,?,?
"Antiseptic ointments, creams, solutions etc.",?,,,?,,,,?,?,,?,?,?
Appropriate hand drying facilities,?,,,?,,,,?,?,,?,?,?
Autoclave,?,,,?,,,,?,?,,?,?,?
bandages and plasters,?,,,?,,,,?,?,,?,?,?
Chairs,?,,,?,,,,?,?,,?,?,?
clinical waste bins with lid,?,,,?,,,,?,?,,?,?,?
Cotton swabs soaked in alcohol,?,,,?,,,,?,?,,?,?,?
Cupboards and suitably surfaced bench tops,?,,,?,,,,?,?,,?,?,?
Curette,?,,,?,,,,?,,,?,,
Dilatation and curettage set,?,,,,,,,,,,,,
Disinfectants or antiseptic solutions,?,,,?,,,,?,?,,?,?,?
domestic waste bin with lid,?,,,?,,,,?,?,,?,?,?
Drip stand,?,,,?,,,,,?,,?,?,?
Eamination Chair,,,,,,,,,,,,,
"Eamination couch with tiltable headrest, covered with linen",?,,,?,,,,?,?,,?,?,?
Step to ease access to couch,?,,,?,,,,?,,,?,?,?
Eamination lamp*,?,,,?,,,,?,?,,?,?,?
Glucometer* and strips,?,,,?,,,,?,?,,?,?,?
Gynaecological couch with straps,?,,,,,,,,,,,,
Hand wash facilities,?,,,?,,,,?,?,,?,?,?
handwash soap,?,,,?,,,,?,?,,?,?,?
Irrigator,,,,,,,,,,,,,
Is the couch behind a curtain or located within a screened off alcove to provide privacy,?,,,?,,,,?,?,,?,?,?
Lockable refrigerator for medical supplies with temperature monitoring device,?,,,?,,,,?,?,,?,?,?
Lubricating jell or solution,?,,,,,,,,?,,?,?,?
Nebulizing machine and solutions,?,,,?,,,,?,?,,?,?,?
Nebulizing machine and solutions,?,,,?,,,,?,?,,?,?,?
Needles (different sizes),?,,,?,,,,?,?,,?,?,?
Non sterile gloves,?,,,?,,,,?,?,,?,?,?
Normal saline,?,,,?,,,,?,?,,?,?,?
Pap smear set,?,,,,,,,,?,,?,,
Pregnancy test kit,?,?,,,,,,,,,?,?,
Sanitary pads,?,,,,,,,,,,?,,
Sharps container,?,,,?,,,,?,?,,?,?,?
Sphygmomanometer*(both adult and paediatric)*,?,,,?,,,,?,?,,?,?,?
Stainless steel sink,?,,,?,,,,?,?,,?,?,?
Steps to ease access to couch,?,,,?,,,,?,?,,?,?,?
"Sterile dressing packs (sponge forceps, toothed and non-toothed forceps, straight artery forceps, 2 galley pots, sterile gauge and cotton wool swabs, kidney dish, scalpel)",?,,,?,,,,?,?,,?,?,?
Sterile gloves,?,,,?,,,,?,?,,?,?,?
"Sterile suture pack (gallipots, needle holder, scalpel, pair of stich scissors, tooth forceps)",?,,,?,,,,?,?,,?,?,?
Sutures,?,,,?,,,,?,?,,?,?,?
Tongue depressors,?,,,?,,,,?,?,,?,?,?
Tracheostomy set,,,,,,,,?,,,,,?
Urinary catheters (different sizes),?,,,?,,,,?,?,,?,?,?
Vaginal speculae (different sizes),?,,,,,,,,?,,?,,?
Waste bin with lids for domestic waste,?,,,?,,,,?,?,,?,?,?
Waste bins with lids for clinical waste,?,,,?,,,,?,?,,?,?,?
Gynaecological couch with stirrups,?,,,,,,,,,,,,
,,,,,,,,,,,,,
Sluice room,,,,,,,,,,,,,
Does the room have space? Elaborate.,?,,,?,,,,?,?,,?,?,?
Does the room have ventilation? Elaborate,?,,,?,,,,?,?,,?,?,?
Does the room have wheelchair accessibility?,?,,,?,,,,?,?,,?,?,?
Is the room equipped with the following--,?,,,?,,,,?,?,,?,?,?
Canvas bag trolley with cover,?,,,?,,,,?,?,,?,?,?
Canvas bag trolley with cover for non soiled linen,?,,,?,,,,?,?,,?,?,?
Canvas bag trolley with cover for soiled linen,?,,,?,,,,?,,,?,?,?
Clinical waste bins with lid,?,,,?,,,,?,?,,?,?,?
Disinfectant,?,,,?,,,,?,?,,?,?,?
Domestic waste bins with lid,?,,,?,,,,?,?,,?,?,?
Heavy duty gloves,?,,,?,,,,?,?,,?,?,?
Non sterile gloves,?,,,?,,,,?,?,,?,?,?
Stainless steel sink with running water,?,,,?,,,,?,?,,?,?,?
stainless steel waste discarding sink or sluice machine,?,,,?,,,,?,?,,?,?,?
,,,,,,,,,,,,,
,,,,,,,,,,,,,
Bleeding room,,,,,,,,,,,,,
Does the bleeding room have space? Elaborate.,?,?,,?,,,,?,?,,?,?,?
Does the room have wheelchair accessibility?,?,?,,?,,,,?,?,,?,?,?
Is the room equipped with the following --,?,?,,?,,,,?,?,,?,?,?
· 2 chairs,?,?,,?,,,,?,?,,?,?,?
· Needles and syringes (different sizes),?,?,,?,,,,?,?,,?,?,?
· Vacutainers of different colours,?,?,,?,,,,?,?,,?,?,?
· Tourniquet,?,?,,?,,,,?,?,,?,?,?
· Plaster,?,?,,?,,,,?,?,,?,?,?
· Cotton swab,?,?,,?,,,,?,?,,?,?,?
· Disinfectant,?,?,,?,,,,?,?,,?,?,?
· Sharps container,?,?,,?,,,,?,?,,?,?,?
· Clinical waste bin with lid,?,?,,?,,,,?,?,,?,?,?
· Domestic waste bin with lid,?,?,,?,,,,?,?,,?,?,?
· Hand wash basin with running hot and cold water,?,?,,?,,,,?,?,,?,?,?
. Hand wash soap,?,?,,?,,,,?,?,,?,?,?
· Appropriate hand drying facilities,?,?,,?,,,,?,?,,?,?,?
· Disposable gloves,?,?,,?,,,,?,?,,?,?,?
· Cooler bo,?,?,,?,,,,?,?,,?,?,?
· Ice packs,?,?,,?,,,,?,?,,?,?,?
Specimen racks,?,?,,?,,,,?,?,,?,?,?
,,,,,,,,,,,,,
Toilet facilities--,?,?,?,?,?,?,?,?,?,?,?,?,?
Is there a minimum of two toilets available (for male and,?,?,?,?,?,?,?,?,?,?,?,?,?
Female patients)?,?,?,?,?,?,?,?,?,?,?,?,?,?
Are they labelled “male” and “female?”,?,?,?,?,?,?,?,?,?,?,?,?,?
Are toilets fitted with hand wash facilities?,?,?,?,?,?,?,?,?,?,?,?,?,?
Is there suitable soap dispenser?,?,?,?,?,?,?,?,?,?,?,?,?,?
Is there an appropriate hand drying provision?,?,?,?,?,?,?,?,?,?,?,?,?,?
Is there a separate toilet for staff?,?,?,?,?,?,?,?,?,?,?,?,?,?
Is there a toilet that is designed for wheel chair users?,?,?,?,?,?,?,?,?,?,?,?,?,?
Are toilets wheel chair accessible?,?,?,?,?,?,?,?,?,?,?,?,?,?
Does the female toilet have sanitary pads disposal?,?,?,?,?,?,?,?,?,?,?,?,?,?
Are toilets aesthetically pleasing?,?,?,?,?,?,?,?,?,?,?,?,?,?
Is there provision for paediatric clients?,?,?,?,?,?,?,?,?,?,?,?,?,?
,,,,,,,,,,,,,
Pharmacy/Dispensary--,,,,,,,,,,,?,,
Is there a pharmacy personnel employed to carry out the pharmacy functions,,,,,,,,,,,?,,
Does the dispensary have adequate space to allow for an efficient workflow,,,,,,,,,,,?,,
Are there adequate shelves for stock keeping,,,,,,,,,,,?,,
Is stock arranged and labelled in a systematic manner,,,,,,,,,,,?,,
Are drugs well protected from direct sunlight,,,,,,,,,,,?,,
Are all surfaces finished with an impervious washable material,,,,,,,,,,,?,,
Are all surfaces in a good state of repair,,,,,,,,,,,?,,
is there a lockable refrigerator for the storage of thermos-labile drugs,,,,,,,,,,,?,,
Are there mechanisms in place for monitoring and controlling room temperatures (storage and dispensary),,,,,,,,,,,?,,
Are there mechanisms in place for monitoring and controlling refrigerator temperatures,,,,,,,,,,,?,,
Is the sink supplied with hot and cold water,,,,,,,,,,,?,,
"Are the floors, walls, ceiling and shelves kept satisfactorily clean",,,,,,,,,,,?,,
Is there a suitable lighting in the dispensary,,,,,,,,,,,?,,
Is there a suitable means for counting tablets and capsules dispensed,,,,,,,,,,,?,,
Is there a suitable means of measuring liquids dispensed,,,,,,,,,,,?,,
Is the preparation room clean as per the requirements,,,,,,,,,,,?,,
Are there suitable ranges of containers for the dispensing of:,,,,,,,,,,,?,,
Tablets/capsules,,,,,,,,,,,?,,
Liquids,,,,,,,,,,,?,,
Cream/ointments,,,,,,,,,,,?,,
Are there suitable labels for the above mentioned,,,,,,,,,,,?,,
"Is there a register for drugs of schedule 1A, 1B and 1C",,,,,,,,,,,?,,
Is there a lockable cabinet for the storage of 1A and 1B drugs?,,,,,,,,,,,?,,
Is there a policy for the management of epired drugs?,,,,,,,,,,,?,,
Is there adequate security in the dispensary?,,,,,,,,,,,?,,
Is there a stock management system?,,,,,,,,,,,?,,
,,,,,,,,,,,,,
Safety and waste management --,?,?,?,?,?,?,?,?,?,?,?,?,?
Does the Facility have a policy on waste management?,?,?,?,?,?,?,?,?,?,?,?,?,?
Does the Facility have SOPs on waste management?,?,?,?,?,?,?,?,?,?,?,?,?,?
Does the Facility have a waste disposal system? Specify:,?,?,?,?,?,?,?,?,?,?,?,?,?
. Domestic Waste,?,?,?,?,?,?,?,?,?,?,?,?,?
. Clinical Waste,?,?,?,?,?,?,?,?,?,?,?,?,?
. Does the Facility have a policy and procedures on safety?,?,?,?,?,?,?,?,?,?,?,?,?,?
. Is there a policy and procedure on accidental eposure to HIV?,?,?,?,?,?,?,?,?,?,?,?,?,?
. Does the Facility have fire protection equipment?,?,?,?,?,?,?,?,?,?,?,?,?,?
.Fire etinguishers,?,?,?,?,?,?,?,?,?,?,?,?,?
.Emergency eits,?,?,?,?,?,?,?,?,?,?,?,?,?
Additional:,?,?,?,?,?,?,?,?,?,?,?,?,?
Fire alarms,?,?,?,?,?,?,?,?,?,?,?,?,?
Smoke detectors,?,?,?,?,?,?,?,?,?,?,?,?,?
Fire blankets,?,?,?,?,?,?,?,?,?,?,?,?,?
Fire Hose reel,?,?,?,?,?,?,?,?,?,?,?,?,?
Does the Facility have a written program for maintaining fire protection equipment ?,?,?,?,?,?,?,?,?,?,?,?,?,?
Does the Facility have adequate security?,?,?,?,?,?,?,?,?,?,?,?,?,?
.A larm system?,?,?,?,?,?,?,?,?,?,?,?,?,?
. Burglar bars?,?,?,?,?,?,?,?,?,?,?,?,?,?
. Lockable gates?,?,?,?,?,?,?,?,?,?,?,?,?,?
. Others- Specify;,,,,,,,,,,,,,
,,,,,,,,,,,,,
SUPPLIES,,,,,,,,,,,,,
Does the Facility have the following policies ,?,?,?,?,?,?,?,?,?,?,?,?,?
supplies and purchasing,?,?,?,?,?,?,?,?,?,?,?,?,?
management of expired supplies,?,?,?,?,?,?,?,?,?,?,?,?,?
Does the Facility have adequate supplies for services provided,?,?,?,?,?,?,?,?,?,?,?,?,?
Is there a stock control system?,?,?,?,?,?,?,?,?,?,?,?,?,?
,,,,,,,,,,,,,
Does the consultation/ treatment room have the following:,,,,,,,,,,,,,
Amalgam filling with: --,,,,,,,,,,,,,
Amalgam hand instruments?,,,,,,?,,,,,,,
Amalgam capsules?,,,,,,?,,,,,,,
Cavity lining material,,,,,,?,,,,,,,
Wedges,,,,,,?,,,,,,,
Retention pins,,,,,,?,,,,,,,
Matri holders/retainers,,,,,,?,,,,,,,
Matri bands,,,,,,?,,,,,,,
Articulating paper,,,,,,?,,,,,,,
Polishing kits,,,,,,?,,,,,,,
Hand pieces and burrs,,,,,,?,,,,,,,
Composite filling with:,,,,,,?,,,,,,,
Composite hand instruments,,,,,,?,,,,,,,
Curing light,,,,,,?,,,,,,,
Composite material,,,,,,?,,,,,,,
Cavity liners,,,,,,?,,,,,,,
Etching system,,,,,,?,,,,,,,
Transparent strips,,,,,,?,,,,,,,
Polishing kits and strips,,,,,,?,,,,,,,
Hand pieces and burrs,,,,,,?,,,,,,,
Root canal treatment with:--,,,,,,?,,,,,,,
Endodontic kit with files and reamers,,,,,,?,,,,,,,
Gutta Percha points,,,,,,?,,,,,,,
Paper points,,,,,,?,,,,,,,
Endo ruler,,,,,,?,,,,,,,
Canal medicaments,,,,,,?,,,,,,,
Root canal hand instruments,,,,,,?,,,,,,,
Scaling with:--,,,,,,?,,,,,,,
Scaling hand instruments,,,,,,?,,,,,,,
Ultrasonic scaler,,,,,,?,,,,,,,
Polishing brushes and cups,,,,,,?,,,,,,,
Disclosing tablets,,,,,,?,,,,,,,
Polishing paste,,,,,,?,,,,,,,
Mouth wash tablets,,,,,,?,,,,,,,
Oral surgery pack with:,,,,,,?,,,,,,,
Tooth etraction forceps,,,,,,?,,,,,,,
BP knife,,,,,,?,,,,,,,
Surgical blades,,,,,,?,,,,,,,
Scissors,,,,,,?,,,,,,,
Needle holders,,,,,,?,,,,,,,
Artery forceps,,,,,,?,,,,,,,
Root elevators,,,,,,?,,,,,,,
Periosteal elevators,,,,,,?,,,,,,,
"Retractors (tissue, cheek",,,,,,?,,,,,,,
Suture material,,,,,,?,,,,,,,
General items in treatment room:,,,,,,?,,,,,,,
Non sterile gloves,,,,,,?,,,,,,,
Surgical masks,,,,,,?,,,,,,,
Dental needles,,,,,,?,,,,,,,
Dental syringes,,,,,,?,,,,,,,
Local anaesthetic solution,,,,,,?,,,,,,,
Gauze,,,,,,?,,,,,,,
Disinfectant,,,,,,?,,,,,,,
#NAME?,,,,,,?,,,,,,,
An emergency kit ?,,,,,,?,,,,,,,
,,,,,,,,,,,,,
Does the dental laboratory have the following;--,,,,,,,,,,,,,
Dust etractors,,,,,,,?,,,,,,
Rotary hand piece,,,,,,,?,,,,,,
Vibrator,,,,,,,?,,,,,,
vacuum mier,,,,,,,?,,,,,,
polisher,,,,,,,?,,,,,,
blasting machine,,,,,,,?,,,,,,
magnifying lamp,,,,,,,?,,,,,,
Soating basket or tray,,,,,,,?,,,,,,
dental preparation sink,,,,,,,?,,,,,,
clamp,,,,,,,?,,,,,,
Denture flasks,,,,,,,?,,,,,,
polishinh machine,,,,,,,?,,,,,,
model trimmer,,,,,,,?,,,,,,
hammer,,,,,,,?,,,,,,
spatula (different sizes),,,,,,,?,,,,,,
forceps,,,,,,,?,,,,,,
brushes,,,,,,,?,,,,,,
vacuum curing unit,,,,,,,?,,,,,,
Articulators,,,,,,,?,,,,,,
sink fitted with filter,,,,,,,?,,,,,,
Disinfectant,,,,,,,?,,,,,,
dentures ( diffent sizes),,,,,,,?,,,,,,
gas,,,,,,,?,,,,,,
retainers,,,,,,,?,,,,,,
mouth guards,,,,,,,?,,,,,,
bleaching tray,,,,,,,?,,,,,,
,,,,,,,,,,,,,
Is the dental laboratory supplied with the following protective gear;--,,,,,,,,,,,,,
,,,,,,,,,,,,,
Lab coats,,,,,,,?,,,,,,
Face masks,,,,,,,?,,,,,,
Goggles,,,,,,,?,,,,,,
Flair nets,,,,,,,?,,,,,,
Steel shoes,,,,,,,?,,,,,,
,,,,,,,,,,,,,
Does the Physiotherapy have the following supplies or equipment--,,,,,?,,,,,,,,
Tapping materials,,,,,?,,,,,,,,
Strapping materials,,,,,?,,,,,,,,
Crepe bandage,,,,,?,,,,,,,,
Compression stocking,,,,,?,,,,,,,,
Tubigrip,,,,,?,,,,,,,,
Braces,,,,,?,,,,,,,,
Supports,,,,,?,,,,,,,,
"Ambulatory frames, pick-up for adults",,,,,?,,,,,,,,
"Ambulatory frames, rollator for adults",,,,,?,,,,,,,,
"Ambulatory frames,rollator for paediatric",,,,,?,,,,,,,,
"Crutches, aillary",,,,,?,,,,,,,,
"Crutches, elbow",,,,,?,,,,,,,,
Tripod,,,,,?,,,,,,,,
Ultrasound gel,,,,,?,,,,,,,,
Electric pads(disposable or non-disposable),,,,,?,,,,,,,,
Disinfectant,,,,,?,,,,,,,,
Antiseptic,,,,,?,,,,,,,,
Massage oil/cream,,,,,?,,,,,,,,
Sheets,,,,,?,,,,,,,,
Towels,,,,,?,,,,,,,,
Are supplies stored according to manufacturer’s recommendations?,,,,,?,,,,,,,,
Is the epiry of these items closely monitored?,,,,,?,,,,,,,,
Does the facility have appropriate equipment and instruments for the services provided?,,,,,?,,,,,,,,
Does the facility have the following equipment?--,,,,,?,,,,,,,,
Wheelchair,,,,,?,,,,,,,,
Ultrasound machine,,,,,?,,,,,,,,
Electrotherapy machine with provision for selection of different current wave forms,,,,,?,,,,,,,,
Short wave diathermy machine,,,,,?,,,,,,,,
Wooden couch for the short wave diathermy machine,,,,,?,,,,,,,,
Infra-red lamp,,,,,?,,,,,,,,
Laser therapy machine,,,,,?,,,,,,,,
Ultra-violet lamp,,,,,?,,,,,,,,
Hydro-collator/moist heat machine,,,,,?,,,,,,,,
Eercise weights,,,,,?,,,,,,,,
Eercise cycle ergo meter,,,,,?,,,,,,,,
Parallel bars,,,,,?,,,,,,,,
Sphygmomanometer,,,,,?,,,,,,,,
Stethoscope,,,,,?,,,,,,,,
Hot pack,,,,,?,,,,,,,,
Measuring tape,,,,,?,,,,,,,,
Set of goniometers,,,,,?,,,,,,,,
Pair of scissors,,,,,?,,,,,,,,
TENS,,,,,?,,,,,,,,
Is there a customer feedback mechanism,?,?,?,?,?,?,?,?,?,?,?,?,?
Suggestion bo,?,?,?,?,?,?,?,?,?,?,?,?,?
Customer surveys,?,?,?,?,?,?,?,?,?,?,?,?,?
Is there a patient charter in both English and Setswana,?,?,?,?,?,?,?,?,?,?,?,?,?
Is there provision for consent before carrying out any procedures/assessment,?,?,?,?,?,?,?,?,?,?,?,?,?
"Is there a complaints, procedure",?,?,?,?,?,?,?,?,?,?,?,?,?
"Is there a complaints, procedure",?,?,?,?,?,?,?,?,?,?,?,?,?
,,,,,,,,,,,,,
Specimen reception room--,,?,,,,,,,,,,,
Does the room have the following:,,?,,,,,,,,,,,
· Chairs and a table,,?,,,,,,,,,,,
· Disposable gloves,,?,,,,,,,,,,,
· Specimen racks and trays,,?,,,,,,,,,,,
". Blood collection tubes, bottles, containers",,?,,,,,,,,,,,
· Specimen register/computer,,?,,,,,,,,,,,
· Markers/stickers,,?,,,,,,,,,,,
· Sharps container,,?,,,,,,,,,,,
· Waste bin with lid for clinical waste,,?,,,,,,,,,,,
· Waste bin with lid for domestic waste,,?,,,,,,,,,,,
· Is there an organised specimen registration system?,,?,,,,,,,,,,,
· Does registration use a unique patient identification,,?,,,,,,,,,,,
· Is there identification kept throughout lab testing,,?,,,,,,,,,,,
· Is there provision for patient privacy?,,?,,,,,,,,,,,
· Is there documented specimen acceptance/rejection criteria,,?,,,,,,,,,,,
"· Does the lab have a documented specimen system( collection, handling, storage and transportation",,?,,,,,,,,,,,
· Is there specimen fridge with temperature monitoring device and chart,,?,,,,,,,,,,,
Is there air-conditioner with monitoring device and chart?,,?,,,,,,,,,,,
,,,,,,,,,,,,,
Laboratory testing areas Chemistry--,,?,,,,,,,,,,,
Chemistry,,?,,,,,,,,,,,
Does the testing area have adequate space?,,?,,,,,,,,,,,
Are there adequate lab stools and benches?,,?,,,,,,,,,,,
Is there hand washing provision?,,?,,,,,,,,,,,
Is there air-conditioner with monitoring device and chart?,,?,,,,,,,,,,,
List the clinical chemistry tests done by the lab:--,,?,,,,,,,,,,,
,,?,,,,,,,,,,,
,,?,,,,,,,,,,,
Does the lab have Technical SOPs (test methods),,?,,,,,,,,,,,
Does the lab have the following equipment: --,,?,,,,,,,,,,,
· Chemistry analyser,,?,,,,,,,,,,,
· Centrifuge,,?,,,,,,,,,,,
· Medical fridge,,?,,,,,,,,,,,
· Medical freezer,,?,,,,,,,,,,,
· Graduated Pipettes,,?,,,,,,,,,,,
· Automated Pipettes,,?,,,,,,,,,,,
· Water distiller or provision for distilled water,,?,,,,,,,,,,,
· Are normal and abnormal Quality Control done and recorded,,?,,,,,,,,,,,
· How often are Quality controls run?,,?,,,,,,,,,,,
· Are QC results monitored over a period of time?,,?,,,,,,,,,,,
· Does the lab participate in Eternal Quality Assessment Schemes?,,?,,,,,,,,,,,
· Are EQA results reviewed and monitored?,,?,,,,,,,,,,,
· Does the lab have Reference Ranges for the tests performed?,,?,,,,,,,,,,,
· Are refrigerator and freezer temperatures monitored?,,?,,,,,,,,,,,
· Waste bin with lid for clinical waste,,?,,,,,,,,,,,
· Waste bin with lid for domestic waste,,?,,,,,,,,,,,
· Are reagents stored appropriately? Eplain,,?,,,,,,,,,,,
· Are lab equipment calibrated,,?,,,,,,,,,,,
· Is there an equipment preventative maintenance plan?,,?,,,,,,,,,,,
· Is epiry of items monitored?,,?,,,,,,,,,,,
,,,,,,,,,,,,,
Laboratory testing areas Haematology:--,,,,,,,,,,,,,
Does the testing area have adequate space?,,?,,,,,,,,,,,
Are there adequate lab stools and benches?,,?,,,,,,,,,,,
Is there hand washing provision?,,?,,,,,,,,,,,
Is there air-conditioner with monitoring device and chart?,,?,,,,,,,,,,,
List clinical tests done at Haematology:,,?,,,,,,,,,,,
Haematology:,,?,,,,,,,,,,,
Does the testing area have adequate space?,,?,,,,,,,,,,,
Are there adequate lab stools and benches?,,?,,,,,,,,,,,
Is there hand washing provision?,,?,,,,,,,,,,,
Is there air-conditioner with monitoring device and chart?,,?,,,,,,,,,,,
List clinical tests done at Haematology:,,?,,,,,,,,,,,
,,?,,,,,,,,,,,
Does the lab have Technical SOPs (test methods,,?,,,,,,,,,,,
Does the lab have the following-- equipment?,,?,,,,,,,,,,,
· Haematology analyser?,,?,,,,,,,,,,,
· Microscope?,,?,,,,,,,,,,,
· Staining Racks?,,?,,,,,,,,,,,
· Water bath?,,?,,,,,,,,,,,
· Coagulation machine?,,?,,,,,,,,,,,
· ESR tubes and caps?,,?,,,,,,,,,,,
· Sample Rocker?,,?,,,,,,,,,,,
· Medical fridge?,,?,,,,,,,,,,,
· Sample rotator?,,?,,,,,,,,,,,
· Automated Pipettes?,,?,,,,,,,,,,,
· Graduated Pipettes?,,?,,,,,,,,,,,
· Pipette Fillers?,,?,,,,,,,,,,,
· Are normal and abnormal Quality Control done and recorded?,,?,,,,,,,,,,,
· How often are Quality controls run?,,?,,,,,,,,,,,
· Are QC results monitored over a period of time?,,?,,,,,,,,,,,
· Does the lab participate in Eternal Quality Assessment Schemes?,,?,,,,,,,,,,,
· Are EQA results reviewed and monitored?,,?,,,,,,,,,,,
· Does the lab have Reference Ranges for the tests performed?,,?,,,,,,,,,,,
· Are refrigerator and freezer temperatures monitored?,,?,,,,,,,,,,,
· Waste bin with lid for clinical waste,,?,,,,,,,,,,,
· Waste bin with lid for domestic waste,,?,,,,,,,,,,,
· Are reagents stored appropriately? Eplain,,?,,,,,,,,,,,
· Are lab equipment calibrated,,?,,,,,,,,,,,
· Is there an equipment preventative maintenance plan?,,?,,,,,,,,,,,
Is epiry of items monitored?,,?,,,,,,,,,,,
,,,,,,,,,,,,,
Microbiology:--,,,,,,,,,,,,,
Does the testing area have adequate space?,,?,,,,,,,,,,,
Are there adequate lab stools and benches?,,?,,,,,,,,,,,
Is there hand washing provision?,,?,,,,,,,,,,,
Is there air-conditioner with monitoring device and chart?,,?,,,,,,,,,,,
List clinical tests done at microbiology:,,?,,,,,,,,,,,
,,?,,,,,,,,,,,
Does the lab have Technical SOPs (test methods,,?,,,,,,,,,,,
Does the lab have the following equipment:--,,?,,,,,,,,,,,
"· Incubators(CO2,O2,42OC)",,?,,,,,,,,,,,
· Microscopes?,,?,,,,,,,,,,,
· Autoclave?,,?,,,,,,,,,,,
· Anaerobic Jars?,,?,,,,,,,,,,,
· Wire loops,,?,,,,,,,,,,,
· Disposable Inoculating loops and needles?,,?,,,,,,,,,,,
· Urine wire loop,,?,,,,,,,,,,,
· Reading lamp,,?,,,,,,,,,,,
· Centrifuge?,,?,,,,,,,,,,,
· Vorte,,?,,,,,,,,,,,
· Staining racks?,,?,,,,,,,,,,,
· Sample rocker?,,?,,,,,,,,,,,
· Medical fridge,,?,,,,,,,,,,,
· Medical freezer?,,?,,,,,,,,,,,
· Hot plate?,,?,,,,,,,,,,,
· Weighing scale?,,?,,,,,,,,,,,
· Bunsen burner?,,?,,,,,,,,,,,
· Gas cylinders,,?,,,,,,,,,,,
· Autoclave,,?,,,,,,,,,,,
· Timers,,?,,,,,,,,,,,
· Reagent bottles(brown),,?,,,,,,,,,,,
· Measuring Cylinders,,?,,,,,,,,,,,
· Conical flasks,,?,,,,,,,,,,,
· Reagent Preparation Bottles,,?,,,,,,,,,,,
· Universal Bottles,,?,,,,,,,,,,,
· Bijou bottles,,?,,,,,,,,,,,
· Graduated Pipettes,,?,,,,,,,,,,,
· Storage cabinet for flammables,,?,,,,,,,,,,,
· Urine centrifuge tubes,,?,,,,,,,,,,,
· Ready to use culture media,,?,,,,,,,,,,,
· Ready to use staining reagents,,?,,,,,,,,,,,
· Graduated Pipettes,,?,,,,,,,,,,,
Does the lab have Quality Control Organisms?,,?,,,,,,,,,,,
How often are QC run?,,?,,,,,,,,,,,
Are QC results monitored over a period of time,,?,,,,,,,,,,,
Does the lab participate in EQA Assessment Schemes?,,?,,,,,,,,,,,
Are EQA results reviewed and monitored,,?,,,,,,,,,,,
Are refrigerator temperatures monitored,,?,,,,,,,,,,,
,,?,,,,,,,,,,,
HIV SCREENING,,?,,,,,,,,,,,
Does the lab do any HIV screening,,?,,,,,,,,,,,
,,,,,,,,,,,,,
Instrument washing/sterilising room--,,,,,,?,,,,,,,
Is there a washing room with adequate space?,,,,,,?,,,,,,,
Is the room equipped with the following,,,,,,?,,,,,,,
#NAME?,,,,,,?,,,,,,,
#NAME?,,,,,,?,,,,,,,
Is the room ventilated? Elaborate,,,,,,?,,,,,,,
Is the room equipped with the following--,,,,,,?,,,,,,,
· Chair,,,,,,?,,,,,,,
· Microwave,,,,,,?,,,,,,,
· Autoclave,,,,,,?,,,,,,,
· Sterilising containers,,,,,,?,,,,,,,
· Sterilising solutions,,,,,,?,,,,,,,
· Pack wrappers,,,,,,?,,,,,,,
· Disinfectant,,,,,,?,,,,,,,
· Sharps container,,,,,,?,,,,,,,
· Waste bin with lid for clinical waste,,,,,,?,,,,,,,
· Waste bin with lid for domestic waste,,,,,,?,,,,,,,
· Hand wash facilities,,,,,,?,,,,,,,
· Appropriate hand drying facilities,,,,,,?,,,,,,,
· Disposable gloves,,,,,,?,,,,,,,
,,,,,,,,,,,,,
ray room --,,,,,,,,,,?,,,
· Does the -ray room have adequate space?,,,,,,,,,,?,,,
· Does the -ray room have wheelchair accessibility?,,,,,,,,,,?,,,
· Are the following items available in the room?,,,,,,,,,,?,,,
"· Red warning light at the entrance, which automatically switches on whenever eposure is made.",,,,,,,,,,?,,,
· Eamination/treatment couch with tiltable headrest.,,,,,,,,,,?,,,
· Lead gowns of different lead equivalence for staff and relatives,,,,,,,,,,?,,,
· Different sizes of gonad protection.,,,,,,,,,,?,,,
· Thyroid shields.,,,,,,,,,,?,,,
· Control panel shielded with lead window.,,,,,,,,,,?,,,
· -Ray viewing bo?,,,,,,,,,,?,,,
· Gloves – non-sterile,,,,,,,,,,?,,,
· Waste bin with lid for clinical waste?,,,,,,,,,,?,,,
· Waste bin with lid for non-clinical waste? Sharps disposal container.,,,,,,,,,,?,,,
· Are the walls barium-plastered?,,,,,,,,,,?,,,
· Are the walls built from concrete bricks 30cm wide or have an air gap?,,,,,,,,,,?,,,
· Are the doors lined with lead?,,,,,,,,,,?,,,
· Are the doors sliding type?,,,,,,,,,,?,,,
"· If doors are not sliding, do they have lead strips along the edges to prevent radiation leakages?",,,,,,,,,,?,,,
"· If windows eist, are they leaded",,,,,,,,,,?,,,
,,,,,,,,,,,,,
Ultrasound room,,,,,,,,,,,,,
· Is the ultrasound machine commissioned and records available?,,,,,,,,,,?,,,
· Is there provision for a change room for patients?,,,,,,,,,,?,,,
· Is the room accessible by the handicapped( wheel chairs users)etc.,,,,,,,,,,?,,,
"· Is the room equipped with clinical waste bin, domestic waste bin?",,,,,,,,,,?,,,
· Is there adequate ventilation and lighting?,,,,,,,,,,?,,,
· Is there provision for handwashing?,,,,,,,,,,?,,,
